user_name,password
QAUSER1@QAPERF.RSI,123@rsi
QAUSER2@QAPERF.RSI,123@rsi
QAUSER3@QAPERF.RSI,123@rsi
QAUSER4@QAPERF.RSI,123@rsi
QAUSER5@QAPERF.RSI,123@rsi
QAUSER6@QAPERF.RSI,123@rsi
QAUSER7@QAPERF.RSI,123@rsi
QAUSER8@QAPERF.RSI,123@rsi
QAUSER9@QAPERF.RSI,123@rsi
QAUSER10@QAPERF.RSI,123@rsi
QAUSER11@QAPERF.RSI,123@rsi
QAUSER12@QAPERF.RSI,123@rsi
QAUSER13@QAPERF.RSI,123@rsi
QAUSER14@QAPERF.RSI,123@rsi
QAUSER15@QAPERF.RSI,123@rsi
QAUSER16@QAPERF.RSI,123@rsi
QAUSER17@QAPERF.RSI,123@rsi
QAUSER18@QAPERF.RSI,123@rsi
QAUSER19@QAPERF.RSI,123@rsi
QAUSER20@QAPERF.RSI,123@rsi
QAUSER21@QAPERF.RSI,123@rsi
QAUSER22@QAPERF.RSI,123@rsi
QAUSER23@QAPERF.RSI,123@rsi
QAUSER24@QAPERF.RSI,123@rsi
QAUSER25@QAPERF.RSI,123@rsi
QAUSER26@QAPERF.RSI,123@rsi
QAUSER27@QAPERF.RSI,123@rsi
QAUSER28@QAPERF.RSI,123@rsi
QAUSER29@QAPERF.RSI,123@rsi
QAUSER30@QAPERF.RSI,123@rsi
QAUSER31@QAPERF.RSI,123@rsi
QAUSER32@QAPERF.RSI,123@rsi
QAUSER33@QAPERF.RSI,123@rsi
QAUSER34@QAPERF.RSI,123@rsi
QAUSER35@QAPERF.RSI,123@rsi
QAUSER36@QAPERF.RSI,123@rsi
QAUSER37@QAPERF.RSI,123@rsi
QAUSER38@QAPERF.RSI,123@rsi
QAUSER39@QAPERF.RSI,123@rsi
QAUSER40@QAPERF.RSI,123@rsi
QAUSER41@QAPERF.RSI,123@rsi
QAUSER42@QAPERF.RSI,123@rsi
QAUSER43@QAPERF.RSI,123@rsi
QAUSER44@QAPERF.RSI,123@rsi
QAUSER45@QAPERF.RSI,123@rsi
QAUSER46@QAPERF.RSI,123@rsi
QAUSER47@QAPERF.RSI,123@rsi
QAUSER48@QAPERF.RSI,123@rsi
QAUSER49@QAPERF.RSI,123@rsi
QAUSER50@QAPERF.RSI,123@rsi
QAUSER51@QAPERF.RSI,123@rsi
QAUSER52@QAPERF.RSI,123@rsi
QAUSER53@QAPERF.RSI,123@rsi
QAUSER54@QAPERF.RSI,123@rsi
QAUSER55@QAPERF.RSI,123@rsi
QAUSER56@QAPERF.RSI,123@rsi
QAUSER57@QAPERF.RSI,123@rsi
QAUSER58@QAPERF.RSI,123@rsi
QAUSER59@QAPERF.RSI,123@rsi
QAUSER60@QAPERF.RSI,123@rsi
QAUSER61@QAPERF.RSI,123@rsi
QAUSER62@QAPERF.RSI,123@rsi
QAUSER63@QAPERF.RSI,123@rsi
QAUSER64@QAPERF.RSI,123@rsi
QAUSER65@QAPERF.RSI,123@rsi
QAUSER66@QAPERF.RSI,123@rsi
QAUSER67@QAPERF.RSI,123@rsi
QAUSER68@QAPERF.RSI,123@rsi
QAUSER69@QAPERF.RSI,123@rsi
QAUSER70@QAPERF.RSI,123@rsi
QAUSER71@QAPERF.RSI,123@rsi
QAUSER72@QAPERF.RSI,123@rsi
QAUSER73@QAPERF.RSI,123@rsi
QAUSER74@QAPERF.RSI,123@rsi
QAUSER75@QAPERF.RSI,123@rsi
QAUSER76@QAPERF.RSI,123@rsi
QAUSER77@QAPERF.RSI,123@rsi
QAUSER78@QAPERF.RSI,123@rsi
QAUSER79@QAPERF.RSI,123@rsi
QAUSER80@QAPERF.RSI,123@rsi
QAUSER81@QAPERF.RSI,123@rsi
QAUSER82@QAPERF.RSI,123@rsi
QAUSER83@QAPERF.RSI,123@rsi
QAUSER84@QAPERF.RSI,123@rsi
QAUSER85@QAPERF.RSI,123@rsi
QAUSER86@QAPERF.RSI,123@rsi
QAUSER87@QAPERF.RSI,123@rsi
QAUSER88@QAPERF.RSI,123@rsi
QAUSER89@QAPERF.RSI,123@rsi
QAUSER90@QAPERF.RSI,123@rsi
QAUSER91@QAPERF.RSI,123@rsi
QAUSER92@QAPERF.RSI,123@rsi
QAUSER93@QAPERF.RSI,123@rsi
QAUSER94@QAPERF.RSI,123@rsi
QAUSER95@QAPERF.RSI,123@rsi
QAUSER96@QAPERF.RSI,123@rsi
QAUSER97@QAPERF.RSI,123@rsi
QAUSER98@QAPERF.RSI,123@rsi
QAUSER99@QAPERF.RSI,123@rsi
QAUSER100@QAPERF.RSI,123@rsi
QAUSER101@QAPERF.RSI,123@rsi
QAUSER102@QAPERF.RSI,123@rsi
QAUSER103@QAPERF.RSI,123@rsi
QAUSER104@QAPERF.RSI,123@rsi
QAUSER105@QAPERF.RSI,123@rsi
QAUSER106@QAPERF.RSI,123@rsi
QAUSER107@QAPERF.RSI,123@rsi
QAUSER108@QAPERF.RSI,123@rsi
QAUSER109@QAPERF.RSI,123@rsi
QAUSER110@QAPERF.RSI,123@rsi
QAUSER111@QAPERF.RSI,123@rsi
QAUSER112@QAPERF.RSI,123@rsi
QAUSER113@QAPERF.RSI,123@rsi
QAUSER114@QAPERF.RSI,123@rsi
QAUSER115@QAPERF.RSI,123@rsi
QAUSER116@QAPERF.RSI,123@rsi
QAUSER117@QAPERF.RSI,123@rsi
QAUSER118@QAPERF.RSI,123@rsi
QAUSER119@QAPERF.RSI,123@rsi
QAUSER120@QAPERF.RSI,123@rsi
QAUSER121@QAPERF.RSI,123@rsi
QAUSER122@QAPERF.RSI,123@rsi
QAUSER123@QAPERF.RSI,123@rsi
QAUSER124@QAPERF.RSI,123@rsi
QAUSER125@QAPERF.RSI,123@rsi
QAUSER126@QAPERF.RSI,123@rsi
QAUSER127@QAPERF.RSI,123@rsi
QAUSER128@QAPERF.RSI,123@rsi
QAUSER129@QAPERF.RSI,123@rsi
QAUSER130@QAPERF.RSI,123@rsi
QAUSER131@QAPERF.RSI,123@rsi
QAUSER132@QAPERF.RSI,123@rsi
QAUSER133@QAPERF.RSI,123@rsi
QAUSER134@QAPERF.RSI,123@rsi
QAUSER135@QAPERF.RSI,123@rsi
QAUSER136@QAPERF.RSI,123@rsi
QAUSER137@QAPERF.RSI,123@rsi
QAUSER138@QAPERF.RSI,123@rsi
QAUSER139@QAPERF.RSI,123@rsi
QAUSER140@QAPERF.RSI,123@rsi
QAUSER141@QAPERF.RSI,123@rsi
QAUSER142@QAPERF.RSI,123@rsi
QAUSER143@QAPERF.RSI,123@rsi
QAUSER144@QAPERF.RSI,123@rsi
QAUSER145@QAPERF.RSI,123@rsi
QAUSER146@QAPERF.RSI,123@rsi
QAUSER147@QAPERF.RSI,123@rsi
QAUSER148@QAPERF.RSI,123@rsi
QAUSER149@QAPERF.RSI,123@rsi
QAUSER150@QAPERF.RSI,123@rsi
QAUSER151@QAPERF.RSI,123@rsi
QAUSER152@QAPERF.RSI,123@rsi
QAUSER153@QAPERF.RSI,123@rsi
QAUSER154@QAPERF.RSI,123@rsi
QAUSER155@QAPERF.RSI,123@rsi
QAUSER156@QAPERF.RSI,123@rsi
QAUSER157@QAPERF.RSI,123@rsi
QAUSER158@QAPERF.RSI,123@rsi
QAUSER159@QAPERF.RSI,123@rsi
QAUSER160@QAPERF.RSI,123@rsi
QAUSER161@QAPERF.RSI,123@rsi
QAUSER162@QAPERF.RSI,123@rsi
QAUSER163@QAPERF.RSI,123@rsi
QAUSER164@QAPERF.RSI,123@rsi
QAUSER165@QAPERF.RSI,123@rsi
QAUSER166@QAPERF.RSI,123@rsi
QAUSER167@QAPERF.RSI,123@rsi
QAUSER168@QAPERF.RSI,123@rsi
QAUSER169@QAPERF.RSI,123@rsi
QAUSER170@QAPERF.RSI,123@rsi
QAUSER171@QAPERF.RSI,123@rsi
QAUSER172@QAPERF.RSI,123@rsi
QAUSER173@QAPERF.RSI,123@rsi
QAUSER174@QAPERF.RSI,123@rsi
QAUSER175@QAPERF.RSI,123@rsi
QAUSER176@QAPERF.RSI,123@rsi
QAUSER177@QAPERF.RSI,123@rsi
QAUSER178@QAPERF.RSI,123@rsi
QAUSER179@QAPERF.RSI,123@rsi
QAUSER180@QAPERF.RSI,123@rsi
QAUSER181@QAPERF.RSI,123@rsi
QAUSER182@QAPERF.RSI,123@rsi
QAUSER183@QAPERF.RSI,123@rsi
QAUSER184@QAPERF.RSI,123@rsi
QAUSER185@QAPERF.RSI,123@rsi
QAUSER186@QAPERF.RSI,123@rsi
QAUSER187@QAPERF.RSI,123@rsi
QAUSER188@QAPERF.RSI,123@rsi
QAUSER189@QAPERF.RSI,123@rsi
QAUSER190@QAPERF.RSI,123@rsi
QAUSER191@QAPERF.RSI,123@rsi
QAUSER192@QAPERF.RSI,123@rsi
QAUSER193@QAPERF.RSI,123@rsi
QAUSER194@QAPERF.RSI,123@rsi
QAUSER195@QAPERF.RSI,123@rsi
QAUSER196@QAPERF.RSI,123@rsi
QAUSER197@QAPERF.RSI,123@rsi
QAUSER198@QAPERF.RSI,123@rsi
QAUSER199@QAPERF.RSI,123@rsi
QAUSER200@QAPERF.RSI,123@rsi
QAUSER201@QAPERF.RSI,123@rsi
QAUSER202@QAPERF.RSI,123@rsi
QAUSER203@QAPERF.RSI,123@rsi
QAUSER204@QAPERF.RSI,123@rsi
QAUSER205@QAPERF.RSI,123@rsi
QAUSER206@QAPERF.RSI,123@rsi
QAUSER207@QAPERF.RSI,123@rsi
QAUSER208@QAPERF.RSI,123@rsi
QAUSER209@QAPERF.RSI,123@rsi
QAUSER210@QAPERF.RSI,123@rsi
QAUSER211@QAPERF.RSI,123@rsi
QAUSER212@QAPERF.RSI,123@rsi
QAUSER213@QAPERF.RSI,123@rsi
QAUSER214@QAPERF.RSI,123@rsi
QAUSER215@QAPERF.RSI,123@rsi
QAUSER216@QAPERF.RSI,123@rsi
QAUSER217@QAPERF.RSI,123@rsi
QAUSER218@QAPERF.RSI,123@rsi
QAUSER219@QAPERF.RSI,123@rsi
QAUSER220@QAPERF.RSI,123@rsi
QAUSER221@QAPERF.RSI,123@rsi
QAUSER222@QAPERF.RSI,123@rsi
QAUSER223@QAPERF.RSI,123@rsi
QAUSER224@QAPERF.RSI,123@rsi
QAUSER225@QAPERF.RSI,123@rsi
QAUSER226@QAPERF.RSI,123@rsi
QAUSER227@QAPERF.RSI,123@rsi
QAUSER228@QAPERF.RSI,123@rsi
QAUSER229@QAPERF.RSI,123@rsi
QAUSER230@QAPERF.RSI,123@rsi
QAUSER231@QAPERF.RSI,123@rsi
QAUSER232@QAPERF.RSI,123@rsi
QAUSER233@QAPERF.RSI,123@rsi
QAUSER234@QAPERF.RSI,123@rsi
QAUSER235@QAPERF.RSI,123@rsi
QAUSER236@QAPERF.RSI,123@rsi
QAUSER237@QAPERF.RSI,123@rsi
QAUSER238@QAPERF.RSI,123@rsi
QAUSER239@QAPERF.RSI,123@rsi
QAUSER240@QAPERF.RSI,123@rsi
QAUSER241@QAPERF.RSI,123@rsi
QAUSER242@QAPERF.RSI,123@rsi
QAUSER243@QAPERF.RSI,123@rsi
QAUSER244@QAPERF.RSI,123@rsi
QAUSER245@QAPERF.RSI,123@rsi
QAUSER246@QAPERF.RSI,123@rsi
QAUSER247@QAPERF.RSI,123@rsi
QAUSER248@QAPERF.RSI,123@rsi
QAUSER249@QAPERF.RSI,123@rsi
QAUSER250@QAPERF.RSI,123@rsi
